epoch,breakpoint_hz,transition_width
1,3994.275634765625,99.88838195800781
