{
  "metrics": {
    "student_accuracy": 0.8666666666666667,
    "student_precision": 0.7916666666666666,
    "student_recall": 0.7222222222222222,
    "student_f1": 0.7428571428571429,
    "birdnet_accuracy": 0.6666666666666666,
    "birdnet_precision": 0.7666666666666667,
    "birdnet_recall": 0.6666666666666666,
    "birdnet_f1": 0.6888888888888889
  },
  "detailed_metrics": {
    "student": {
      "accuracy": 0.8666666666666667,
      "precision_micro": 0.8666666666666667,
      "precision_macro": 0.7916666666666666,
      "precision_weighted": 0.95,
      "recall_micro": 0.8666666666666667,
      "recall_macro": 0.7222222222222222,
      "recall_weighted": 0.8666666666666667,
      "f1_micro": 0.8666666666666667,
      "f1_macro": 0.7428571428571429,
      "f1_weighted": 0.8914285714285715,
      "per_class": {
        "Apus_apus": {
          "precision": 1.0,
          "recall": 0.6666666666666666,
          "f1-score": 0.8,
          "support": 3.0
        },
        "Bubo_bubo": {
          "precision": 1.0,
          "recall": 0.6666666666666666,
          "f1-score": 0.8,
          "support": 3.0
        },
        "Certhia_familiaris": {
          "precision": 0.75,
          "recall": 1.0,
          "f1-score": 0.8571428571428571,
          "support": 3.0
        },
        "Periparus_ater": {
          "precision": 0.0,
          "recall": 0.0,
          "f1-score": 0.0,
          "support": 0.0
        },
        "Poecile_montanus": {
          "precision": 1.0,
          "recall": 1.0,
          "f1-score": 1.0,
          "support": 3.0
        },
        "no_birds": {
          "precision": 1.0,
          "recall": 1.0,
          "f1-score": 1.0,
          "support": 3.0
        },
        "accuracy": 0.8666666666666667,
        "macro avg": {
          "precision": 0.7916666666666666,
          "recall": 0.7222222222222222,
          "f1-score": 0.7428571428571429,
          "support": 15.0
        },
        "weighted avg": {
          "precision": 0.95,
          "recall": 0.8666666666666667,
          "f1-score": 0.8914285714285715,
          "support": 15.0
        }
      }
    },
    "birdnet": {
      "accuracy": 0.6666666666666666,
      "precision_micro": 0.6666666666666666,
      "precision_macro": 0.7666666666666667,
      "precision_weighted": 0.7666666666666667,
      "recall_micro": 0.6666666666666666,
      "recall_macro": 0.6666666666666666,
      "recall_weighted": 0.6666666666666666,
      "f1_micro": 0.6666666666666666,
      "f1_macro": 0.6888888888888889,
      "f1_weighted": 0.6888888888888889,
      "per_class": {
        "Apus_apus": {
          "precision": 1.0,
          "recall": 0.6666666666666666,
          "f1-score": 0.8,
          "support": 3.0
        },
        "Bubo_bubo": {
          "precision": 0.5,
          "recall": 0.3333333333333333,
          "f1-score": 0.4,
          "support": 3.0
        },
        "Certhia_familiaris": {
          "precision": 1.0,
          "recall": 1.0,
          "f1-score": 1.0,
          "support": 3.0
        },
        "Periparus_ater": {
          "precision": 0.0,
          "recall": 0.0,
          "f1-score": 0.0,
          "support": 0.0
        },
        "Poecile_montanus": {
          "precision": 1.0,
          "recall": 0.6666666666666666,
          "f1-score": 0.8,
          "support": 3.0
        },
        "no_birds": {
          "precision": 0.3333333333333333,
          "recall": 0.6666666666666666,
          "f1-score": 0.4444444444444444,
          "support": 3.0
        },
        "micro avg": {
          "precision": 0.6666666666666666,
          "recall": 0.6666666666666666,
          "f1-score": 0.6666666666666666,
          "support": 15.0
        },
        "macro avg": {
          "precision": 0.638888888888889,
          "recall": 0.5555555555555555,
          "f1-score": 0.5740740740740741,
          "support": 15.0
        },
        "weighted avg": {
          "precision": 0.7666666666666667,
          "recall": 0.6666666666666666,
          "f1-score": 0.6888888888888889,
          "support": 15.0
        }
      }
    }
  },
  "agreement_analysis": {
    "counts": {
      "both_correct": 10,
      "student_only_correct": 3,
      "birdnet_only_correct": 0,
      "both_incorrect": 2
    },
    "percentages": {
      "both_correct": 66.66666666666666,
      "student_only_correct": 20.0,
      "birdnet_only_correct": 0.0,
      "both_incorrect": 13.333333333333334
    },
    "detailed_cases": [
      {
        "audio_path": "../bird_sound_dataset/Poecile_montanus/XC892577-240330_0132_25db_nr.wav",
        "true_label": "Poecile_montanus",
        "student_prediction": "Poecile_montanus",
        "student_confidence": 0.7086364030838013,
        "birdnet_prediction": "no_birds",
        "birdnet_confidence": 0.0,
        "student_correct": true,
        "birdnet_correct": false,
        "category": "student_only_correct"
      },
      {
        "audio_path": "../bird_sound_dataset/Apus_apus/XC904577-05-08-2024_7h55_martinet-noir.wav",
        "true_label": "Apus_apus",
        "student_prediction": "Certhia_familiaris",
        "student_confidence": 0.39289844036102295,
        "birdnet_prediction": "no_birds",
        "birdnet_confidence": 0.0,
        "student_correct": false,
        "birdnet_correct": false,
        "category": "both_incorrect"
      },
      {
        "audio_path": "../bird_sound_dataset/Bubo_bubo/XC806630-Hubro04052023-2.wav",
        "true_label": "Bubo_bubo",
        "student_prediction": "Periparus_ater",
        "student_confidence": 0.5505239367485046,
        "birdnet_prediction": "no_birds",
        "birdnet_confidence": 0.0,
        "student_correct": false,
        "birdnet_correct": false,
        "category": "both_incorrect"
      },
      {
        "audio_path": "../bird_sound_dataset/Bubo_bubo/XC953294-Eurasian-Eagle-owl_NEILAKSHAN1_20231208_011102_alarm2_xeno.wav",
        "true_label": "Bubo_bubo",
        "student_prediction": "Bubo_bubo",
        "student_confidence": 0.36152321100234985,
        "birdnet_prediction": "no_birds",
        "birdnet_confidence": 0.0,
        "student_correct": true,
        "birdnet_correct": false,
        "category": "student_only_correct"
      },
      {
        "audio_path": "../augmented_dataset/no_birds/empty_0348.wav",
        "true_label": "no_birds",
        "student_prediction": "no_birds",
        "student_confidence": 0.7209601402282715,
        "birdnet_prediction": "Bubo_bubo",
        "birdnet_confidence": 0.975098192691803,
        "student_correct": true,
        "birdnet_correct": false,
        "category": "student_only_correct"
      }
    ]
  },
  "per_class_analysis": {
    "Apus_apus": {
      "support": 3,
      "student_accuracy": 0.6666666666666666,
      "birdnet_accuracy": 0.6666666666666666,
      "student_predictions": 2,
      "birdnet_predictions": 2
    },
    "Bubo_bubo": {
      "support": 3,
      "student_accuracy": 0.6666666666666666,
      "birdnet_accuracy": 0.3333333333333333,
      "student_predictions": 2,
      "birdnet_predictions": 2
    },
    "Certhia_familiaris": {
      "support": 3,
      "student_accuracy": 1.0,
      "birdnet_accuracy": 1.0,
      "student_predictions": 4,
      "birdnet_predictions": 3
    },
    "Poecile_montanus": {
      "support": 3,
      "student_accuracy": 1.0,
      "birdnet_accuracy": 0.6666666666666666,
      "student_predictions": 3,
      "birdnet_predictions": 2
    },
    "no_birds": {
      "support": 3,
      "student_accuracy": 1.0,
      "birdnet_accuracy": 0.6666666666666666,
      "student_predictions": 3,
      "birdnet_predictions": 6
    }
  },