audio_path,ground_truth,student_prediction,student_confidence,student_predicted_idx,student_all_probabilities
../bird_sound_dataset/Apus_apus/XC547704-Swift2019-6-24-1.mp3,Apus_apus,Apus_apus,0.5788940787315369,2,"[0.0508643239736557, 0.0386507622897625, 0.5788940787315369, 0.05619589239358902, 0.04497074335813522, 0.04855193942785263, 0.07688824832439423, 0.05196256935596466, 0.05302145704627037]"
../bird_sound_dataset/Bubo_bubo/XC343143-485_bubbub_naarassoidin2_Suomi_Hankasalmi_2011-03-13.mp3,Bubo_bubo,Bubo_bubo,0.7214434146881104,0,"[0.7214434146881104, 0.031083563342690468, 0.034685563296079636, 0.06926064938306808, 0.020696209743618965, 0.034737128764390945, 0.026685362681746483, 0.03329310566186905, 0.028114978224039078]"
../bird_sound_dataset/Certhia_brachydactyla/XC418021-Certhia brachydactyla.mp3,Certhia_brachydactyla,Certhia_brachydactyla,0.7407199740409851,3,"[0.03151588514447212, 0.035586632788181305, 0.030712706968188286, 0.7407199740409851, 0.028182366862893105, 0.018736060708761215, 0.021254632622003555, 0.06756538152694702, 0.025726357474923134]"
../bird_sound_dataset/Certhia_familiaris/XC287661-T06.mp3,Certhia_familiaris,Certhia_familiaris,0.6458719372749329,1,"[0.03287133947014809, 0.6458719372749329, 0.02860637754201889, 0.09902729839086533, 0.030607810243964195, 0.04348517209291458, 0.04603595286607742, 0.0377962589263916, 0.03569788858294487]"
../bird_sound_dataset/Emberiza_cia/XC814606-526096131.wav,Emberiza_cia,Certhia_familiaris,0.3299697935581207,1,"[0.03893864527344704, 0.3299697935581207, 0.04167857766151428, 0.10396582633256912, 0.058199506253004074, 0.04217728227376938, 0.2692583203315735, 0.06916514039039612, 0.04664689674973488]"
