audio_path,ground_truth,student_prediction,student_confidence,student_predicted_idx,student_all_probabilities
../bird_sound_dataset/Apus_apus/XC564571-falciot 2 6 1.mp3,Apus_apus,Apus_apus,0.8051156401634216,2,"[0.02211284637451172, 0.02251453325152397, 0.8051156401634216, 0.03130694106221199, 0.026781393215060234, 0.019669758155941963, 0.021467966958880424, 0.02547677420079708, 0.025554057210683823]"
../bird_sound_dataset/Bubo_bubo/XC839762-B21h54m20s18oct2023_04h40.mp3,Bubo_bubo,Bubo_bubo,0.7400358319282532,0,"[0.7400358319282532, 0.03149819001555443, 0.029487784951925278, 0.06862534582614899, 0.020426064729690552, 0.030968856066465378, 0.02730567194521427, 0.027887405827641487, 0.023764802142977715]"
../bird_sound_dataset/Certhia_familiaris/XC704174-XC 2022-02-24 (007) 7.30h ZOOM H4n u NTG1 Düns Flana Wbl Teil 1 Gesang 10x hp 1200-6db.mp3,Certhia_familiaris,Certhia_familiaris,0.43109115958213806,1,"[0.04581949859857559, 0.43109115958213806, 0.04195842146873474, 0.1754325032234192, 0.04259643703699112, 0.11364728212356567, 0.03649171069264412, 0.05763665586709976, 0.05532637611031532]"
../bird_sound_dataset/Poecile_montanus/XC409238-Willow Tit Alarm Calls Bagmere Nature Reserve 18 March 2018 at 0826am.mp3,Poecile_montanus,Bubo_bubo,0.11090920865535736,0,"[0.11090920865535736, 0.05197608098387718, 0.046502187848091125, 0.05593913793563843, 0.04537443071603775, 0.04935541749000549, 0.05204331502318382, 0.06387053430080414, 0.5240297317504883]"
