epoch,breakpoint_hz,transition_width
1,3994.1005859375,99.85562896728516
2,3988.22265625,99.68949890136719
