{
  "metrics": {
    "student_accuracy": 0.7916666666666666,
    "student_precision": 0.6209595959595959,
    "student_recall": 0.5441798941798942,
    "student_f1": 0.5763953729640005,
    "birdnet_accuracy": 0.8125,
    "birdnet_precision": 0.46434294871794873,
    "birdnet_recall": 0.4107142857142857,
    "birdnet_f1": 0.43513431013431014
  },
  "detailed_metrics": {
    "student": {
      "accuracy": 0.7916666666666666,
      "precision_micro": 0.7916666666666666,
      "precision_macro": 0.6209595959595959,
      "precision_weighted": 0.9258522727272727,
      "recall_micro": 0.7916666666666666,
      "recall_macro": 0.5441798941798942,
      "recall_weighted": 0.7916666666666666,
      "f1_micro": 0.7916666666666666,
      "f1_macro": 0.5763953729640005,
      "f1_weighted": 0.8482629162776222,
      "per_class": {
        "Apus_apus": {
          "precision": 1.0,
          "recall": 0.8888888888888888,
          "f1-score": 0.9411764705882353,
          "support": 9.0
        },
        "Bubo_bubo": {
          "precision": 0.9090909090909091,
          "recall": 1.0,
          "f1-score": 0.9523809523809523,
          "support": 10.0
        },
        "Certhia_brachydactyla": {
          "precision": 0.0,
          "recall": 0.0,
          "f1-score": 0.0,
          "support": 0.0
        },
        "Certhia_familiaris": {
          "precision": 0.9166666666666666,
          "recall": 0.7333333333333333,
          "f1-score": 0.8148148148148148,
          "support": 15.0
        },
        "Emberiza_cia": {
          "precision": 0.0,
          "recall": 0.0,
          "f1-score": 0.0,
          "support": 0.0
        },
        "Lophophanes_cristatus": {
          "precision": 0.0,
          "recall": 0.0,
          "f1-score": 0.0,
          "support": 0.0
        },
        "Periparus_ater": {
          "precision": 0.0,
          "recall": 0.0,
          "f1-score": 0.0,
          "support": 0.0
        },
        "Poecile_montanus": {
          "precision": 0.9,
          "recall": 0.6428571428571429,
          "f1-score": 0.75,
          "support": 14.0
        },
        "micro avg": {
          "precision": 0.7916666666666666,
          "recall": 0.7916666666666666,
          "f1-score": 0.7916666666666666,
          "support": 48.0
        },
        "macro avg": {
          "precision": 0.46571969696969695,
          "recall": 0.40813492063492063,
          "f1-score": 0.4322965297230003,
          "support": 48.0
        },
        "weighted avg": {
          "precision": 0.9258522727272727,
          "recall": 0.7916666666666666,
          "f1-score": 0.8482629162776222,
          "support": 48.0
        }
      }
    },
    "birdnet": {
      "accuracy": 0.8125,
      "precision_micro": 0.8125,
      "precision_macro": 0.46434294871794873,
      "precision_weighted": 0.9256143162393163,
      "recall_micro": 0.8125,
      "recall_macro": 0.4107142857142857,
      "recall_weighted": 0.8125,
      "f1_micro": 0.8125,
      "f1_macro": 0.43513431013431014,
      "f1_weighted": 0.8641890516890517,
      "per_class": {
        "Apus_apus": {
          "precision": 1.0,
          "recall": 1.0,
          "f1-score": 1.0,
          "support": 9.0
        },
        "Bubo_bubo": {
          "precision": 0.875,
          "recall": 0.7,
          "f1-score": 0.7777777777777777,
          "support": 10.0
        },
        "Certhia_brachydactyla": {
          "precision": 0.0,
          "recall": 0.0,
          "f1-score": 0.0,
          "support": 0.0
        },
        "Certhia_familiaris": {
          "precision": 0.9230769230769231,
          "recall": 0.8,
          "f1-score": 0.8571428571428571,
          "support": 15.0
        },
        "Emberiza_cia": {
          "precision": 0.0,
          "recall": 0.0,
          "f1-score": 0.0,
          "support": 0.0
        },
        "Lophophanes_cristatus": {
          "precision": 0.0,
          "recall": 0.0,
          "f1-score": 0.0,
          "support": 0.0
        },
        "Periparus_ater": {
          "precision": 0.0,
          "recall": 0.0,
          "f1-score": 0.0,
          "support": 0.0
        },
        "Poecile_montanus": {
          "precision": 0.9166666666666666,
          "recall": 0.7857142857142857,
          "f1-score": 0.8461538461538461,
          "support": 14.0
        },
        "accuracy": 0.8125,
        "macro avg": {
          "precision": 0.46434294871794873,
          "recall": 0.4107142857142857,
          "f1-score": 0.43513431013431014,
          "support": 48.0
        },
        "weighted avg": {
          "precision": 0.9256143162393163,
          "recall": 0.8125,
          "f1-score": 0.8641890516890517,
          "support": 48.0
        }
      }
    }
  },
  "agreement_analysis": {
    "counts": {
      "both_correct": 35,
      "student_only_correct": 3,
      "birdnet_only_correct": 4,
      "both_incorrect": 6
    },
    "percentages": {
      "both_correct": 72.91666666666666,
      "student_only_correct": 6.25,
      "birdnet_only_correct": 8.333333333333332,
      "both_incorrect": 12.5
    },
    "detailed_cases": [
      {
        "audio_path": "../bird_sound_dataset/Apus_apus/XC372845-gierzwaluw_zwow1.mp3",
        "true_label": "Apus_apus",
        "student_prediction": "Certhia_brachydactyla",
        "student_confidence": 0.5514433979988098,
        "birdnet_prediction": "Apus_apus",
        "birdnet_confidence": 0.9974678754806519,
        "student_correct": false,
        "birdnet_correct": true,
        "category": "birdnet_only_correct"
      },
      {
        "audio_path": "../bird_sound_dataset/Bubo_bubo/XC382620-Cloqueo buho real 2.mp3",
        "true_label": "Bubo_bubo",
        "student_prediction": "Bubo_bubo",
        "student_confidence": 0.4564484655857086,
        "birdnet_prediction": "Certhia_brachydactyla",
        "birdnet_confidence": 0.001,
        "student_correct": true,
        "birdnet_correct": false,
        "category": "student_only_correct"
      },
      {
        "audio_path": "../bird_sound_dataset/Bubo_bubo/XC125367-Eurasian Eagle Owl_20130303_192622.mp3",
        "true_label": "Bubo_bubo",
        "student_prediction": "Bubo_bubo",
        "student_confidence": 0.3197203576564789,
        "birdnet_prediction": "Certhia_familiaris",
        "birdnet_confidence": 0.001,
        "student_correct": true,
        "birdnet_correct": false,
        "category": "student_only_correct"
      },
      {
        "audio_path": "../bird_sound_dataset/Bubo_bubo/XC788604-Berguv-2023-02-26_red.mp3",
        "true_label": "Bubo_bubo",
        "student_prediction": "Bubo_bubo",
        "student_confidence": 0.6695474982261658,
        "birdnet_prediction": "Emberiza_cia",
        "birdnet_confidence": 0.001,
        "student_correct": true,
        "birdnet_correct": false,
        "category": "student_only_correct"
      },
      {
        "audio_path": "../bird_sound_dataset/Certhia_familiaris/XC194178-Certhia_familiaris_2014_09_04_01.mp3",
        "true_label": "Certhia_familiaris",
        "student_prediction": "Periparus_ater",
        "student_confidence": 0.22758449614048004,
        "birdnet_prediction": "Lophophanes_cristatus",
        "birdnet_confidence": 0.001,
        "student_correct": false,
        "birdnet_correct": false,
        "category": "both_incorrect"
      },
      {
        "audio_path": "../bird_sound_dataset/Certhia_familiaris/XC781205-230217_2411-mp3-noise-red.mp3",
        "true_label": "Certhia_familiaris",
        "student_prediction": "Poecile_montanus",
        "student_confidence": 0.7037818431854248,
        "birdnet_prediction": "Lophophanes_cristatus",
        "birdnet_confidence": 0.04953611269593239,
        "student_correct": false,
        "birdnet_correct": false,
        "category": "both_incorrect"
      },
      {
        "audio_path": "../bird_sound_dataset/Certhia_familiaris/XC890852-\u65cb\u6728\u96c0call-\u8fbd\u6cb3\u516c\u56ed.mp3",