{
  "metrics": {
    "student_accuracy": 0.8585858585858586,
    "student_precision": 0.4880952380952381,
    "student_recall": 0.4388278642936596,
    "student_f1": 0.45927378520794354,
    "birdnet_accuracy": 0.8282828282828283,
    "birdnet_precision": 0.6666666666666666,
    "birdnet_recall": 0.5544928087738813,
    "birdnet_f1": 0.603982568485611
  },
  "detailed_metrics": {
    "student": {
      "accuracy": 0.8585858585858586,
      "precision_micro": 0.8585858585858586,
      "precision_macro": 0.4880952380952381,
      "precision_weighted": 0.9807599807599808,
      "recall_micro": 0.8585858585858586,
      "recall_macro": 0.4388278642936596,
      "recall_weighted": 0.8585858585858586,
      "f1_micro": 0.8585858585858586,
      "f1_macro": 0.45927378520794354,
      "f1_weighted": 0.9098194315063232,
      "per_class": {
        "Apus_apus": {
          "precision": 1.0,
          "recall": 1.0,
          "f1-score": 1.0,
          "support": 19.0
        },
        "Bubo_bubo": {
          "precision": 0.9047619047619048,
          "recall": 0.95,
          "f1-score": 0.9268292682926829,
          "support": 20.0
        },
        "Certhia_brachydactyla": {
          "precision": 0.0,
          "recall": 0.0,
          "f1-score": 0.0,
          "support": 0.0
        },
        "Certhia_familiaris": {
          "precision": 1.0,
          "recall": 0.8709677419354839,
          "f1-score": 0.9310344827586207,
          "support": 31.0
        },
        "Lophophanes_cristatus": {
          "precision": 0.0,
          "recall": 0.0,
          "f1-score": 0.0,
          "support": 0.0
        },
        "Periparus_ater": {
          "precision": 0.0,
          "recall": 0.0,
          "f1-score": 0.0,
          "support": 0.0
        },
        "Poecile_montanus": {
          "precision": 1.0,
          "recall": 0.6896551724137931,
          "f1-score": 0.8163265306122449,
          "support": 29.0
        },
        "no_birds": {
          "precision": 0.0,
          "recall": 0.0,
          "f1-score": 0.0,
          "support": 0.0
        },
        "accuracy": 0.8585858585858586,
        "macro avg": {
          "precision": 0.4880952380952381,
          "recall": 0.4388278642936596,
          "f1-score": 0.45927378520794354,
          "support": 99.0
        },
        "weighted avg": {
          "precision": 0.9807599807599808,
          "recall": 0.8585858585858586,
          "f1-score": 0.9098194315063232,
          "support": 99.0
        }
      }
    },
    "birdnet": {
      "accuracy": 0.8282828282828283,
      "precision_micro": 0.8282828282828283,
      "precision_macro": 0.6666666666666666,
      "precision_weighted": 1.0,
      "recall_micro": 0.8282828282828283,
      "recall_macro": 0.5544928087738813,
      "recall_weighted": 0.8282828282828283,
      "f1_micro": 0.8282828282828283,
      "f1_macro": 0.603982568485611,
      "f1_weighted": 0.9041517215959407,
      "per_class": {
        "Apus_apus": {
          "precision": 1.0,
          "recall": 0.9473684210526315,
          "f1-score": 0.972972972972973,
          "support": 19.0
        },
        "Bubo_bubo": {
          "precision": 1.0,
          "recall": 0.75,
          "f1-score": 0.8571428571428571,
          "support": 20.0
        },
        "Certhia_brachydactyla": {
          "precision": 0.0,
          "recall": 0.0,
          "f1-score": 0.0,
          "support": 0.0
        },
        "Certhia_familiaris": {
          "precision": 1.0,
          "recall": 0.8709677419354839,
          "f1-score": 0.9310344827586207,
          "support": 31.0
        },
        "Lophophanes_cristatus": {
          "precision": 0.0,
          "recall": 0.0,
          "f1-score": 0.0,
          "support": 0.0
        },
        "Periparus_ater": {
          "precision": 0.0,
          "recall": 0.0,
          "f1-score": 0.0,
          "support": 0.0
        },
        "Poecile_montanus": {
          "precision": 1.0,
          "recall": 0.7586206896551724,
          "f1-score": 0.8627450980392156,
          "support": 29.0
        },
        "no_birds": {
          "precision": 0.0,
          "recall": 0.0,
          "f1-score": 0.0,
          "support": 0.0
        },
        "micro avg": {
          "precision": 0.8282828282828283,
          "recall": 0.8282828282828283,
          "f1-score": 0.8282828282828283,
          "support": 99.0
        },
        "macro avg": {
          "precision": 0.5,
          "recall": 0.41586960658041094,
          "f1-score": 0.4529869263642083,
          "support": 99.0
        },
        "weighted avg": {
          "precision": 1.0,
          "recall": 0.8282828282828283,
          "f1-score": 0.9041517215959407,
          "support": 99.0
        }
      }
    }
  },
  "agreement_analysis": {
    "counts": {
      "both_correct": 78,
      "student_only_correct": 7,
      "birdnet_only_correct": 4,
      "both_incorrect": 10
    },
    "percentages": {
      "both_correct": 78.78787878787878,
      "student_only_correct": 7.07070707070707,
      "birdnet_only_correct": 4.040404040404041,
      "both_incorrect": 10.1010101010101
    },
    "detailed_cases": [
      {
        "audio_path": "../bird_sound_dataset/Apus_apus/XC795932-240423_026-TA\u030aRNSEILER-middelhavsma\u030ake-splitterne-SanPedro.wav",
        "true_label": "Apus_apus",
        "student_prediction": "Apus_apus",
        "student_confidence": 0.34623730182647705,
        "birdnet_prediction": "no_birds",
        "birdnet_confidence": 0.0,
        "student_correct": true,
        "birdnet_correct": false,
        "category": "student_only_correct"
      },
      {
        "audio_path": "../bird_sound_dataset/Bubo_bubo/XC612679-Chant_male_atypique.mp3",
        "true_label": "Bubo_bubo",
        "student_prediction": "Bubo_bubo",
        "student_confidence": 0.7662744522094727,
        "birdnet_prediction": "no_birds",
        "birdnet_confidence": 0.0,
        "student_correct": true,
        "birdnet_correct": false,
        "category": "student_only_correct"
      },
      {
        "audio_path": "../bird_sound_dataset/Bubo_bubo/XC344570-161125UhuMGesangFH3edit.mp3",
        "true_label": "Bubo_bubo",
        "student_prediction": "Bubo_bubo",
        "student_confidence": 0.755988359451294,
        "birdnet_prediction": "no_birds",
        "birdnet_confidence": 0.0,
        "student_correct": true,
        "birdnet_correct": false,
        "category": "student_only_correct"
      },
      {
        "audio_path": "../bird_sound_dataset/Bubo_bubo/XC600901-XC BUBBUB chant ma\u0302le 261020 00h06 cast.mp3",
        "true_label": "Bubo_bubo",
        "student_prediction": "Bubo_bubo",
        "student_confidence": 0.6576299071311951,
        "birdnet_prediction": "no_birds",
        "birdnet_confidence": 0.0,
        "student_correct": true,
        "birdnet_correct": false,
        "category": "student_only_correct"
      },
      {
        "audio_path": "../bird_sound_dataset/Bubo_bubo/XC833120-2020.10.18-02h56-Grand-duc-Devil-s-cackle-ma\u0302le.mp3",
        "true_label": "Bubo_bubo",
        "student_prediction": "Bubo_bubo",
        "student_confidence": 0.6823970079421997,
        "birdnet_prediction": "no_birds",
        "birdnet_confidence": 0.0,
        "student_correct": true,
        "birdnet_correct": false,
        "category": "student_only_correct"
      },
      {
        "audio_path": "../bird_sound_dataset/Bubo_bubo/XC346550-uhu_W_mariastein_20161209_2012.mp3",
        "true_label": "Bubo_bubo",
        "student_prediction": "Bubo_bubo",
        "student_confidence": 0.5930532217025757,
        "birdnet_prediction": "no_birds",
        "birdnet_confidence": 0.0,
        "student_correct": true,
        "birdnet_correct": false,
        "category": "student_only_correct"
      },
      {
        "audio_path": "../bird_sound_dataset/Bubo_bubo/XC630203-LS_57242 oehoe calling with rat in beak B.mp3",
        "true_label": "Bubo_bubo",