epoch,breakpoint_hz,transition_width
1,3994.094970703125,99.87041473388672
2,3988.2080078125,99.72279357910156
