{
    "experiment_name": "bird_classification_distillation",
    "best_val_acc": 0.6996996996996997,
    "test_acc": 0.6936936936936937,
    "test_f1_weighted": 0.6713603438015059,
    "test_precision_weighted": 0.6736942371749488,
    "test_recall_weighted": 0.6936936936936937,
    "total_params": 53516,
    "trainable_params": 53516
}