{
  "experiment_name": "4birds_CF_combined_log_linear_gru64_30epochs",
  "best_val_acc": 75.11811023622047,
  "test_acc": 71.81102362204724,
  "total_params": 53256,
  "trainable_params": 53256
}