audio_path,ground_truth,student_prediction,student_confidence,student_predicted_idx,student_all_probabilities
../bird_sound_dataset/Apus_apus/A Mauersegler III.mp3,Apus_apus,Apus_apus,0.7345050573348999,2,"[0.022436250001192093, 0.028651293367147446, 0.7345050573348999, 0.04510587826371193, 0.017812184989452362, 0.07131960988044739, 0.048035889863967896, 0.01487765647470951, 0.017256226390600204]"
../bird_sound_dataset/Bubo_bubo/XC902463-Gufo-reale-Sciarbo-12.5.24.mp3,Bubo_bubo,no_birds,0.48635074496269226,8,"[0.09585794061422348, 0.04667651653289795, 0.05302877351641655, 0.04687744751572609, 0.051913775503635406, 0.08453401923179626, 0.0775444507598877, 0.05721632018685341, 0.48635074496269226]"
../bird_sound_dataset/Certhia_brachydactyla/XC630183-Boomkruiper 20210320-01a.mp3,Certhia_brachydactyla,Certhia_brachydactyla,0.8684283494949341,3,"[0.011032954789698124, 0.03291761502623558, 0.005744949448853731, 0.8684283494949341, 0.00705909077078104, 0.008638402447104454, 0.03481275960803032, 0.019833680242300034, 0.011532113887369633]"
