{
    "experiment_name": "bird_classification_distillation",
    "best_val_acc": 0.897897897897898,
    "test_acc": 0.8970398970398971,
    "test_f1_weighted": 0.8967525221008952,
    "test_precision_weighted": 0.8976951716584084,
    "test_recall_weighted": 0.8970398970398971,
    "total_params": 53516,
    "trainable_params": 53516
}