audio_path,ground_truth,student_prediction,student_confidence,student_predicted_idx,student_all_probabilities
../bird_sound_dataset/Apus_apus/XC451146-Common swift_Tashkent_DLY.mp3,Apus_apus,Apus_apus,0.11244671791791916,2,"[0.05520928278565407, 0.04135117307305336, 0.11244671791791916, 0.04243684187531471, 0.046363163739442825, 0.04198212921619415, 0.046952176839113235, 0.05552017316222191, 0.5577384233474731]"
../bird_sound_dataset/Bubo_bubo/XC345653-bubo bubo 8 ubicacioÌn secreta 13-11-2016.mp3,Bubo_bubo,Bubo_bubo,0.7957214713096619,0,"[0.7957214713096619, 0.023826535791158676, 0.028398897498846054, 0.06157315894961357, 0.015154032967984676, 0.017735542729496956, 0.021109366789460182, 0.016466988250613213, 0.020013956353068352]"
../bird_sound_dataset/Certhia_familiaris/XC447799-Certhiafam-c-poland_psz_9.37_81117-6450.mp3,Certhia_familiaris,Certhia_familiaris,0.39483219385147095,1,"[0.07312269508838654, 0.39483219385147095, 0.04619388282299042, 0.04977820813655853, 0.04362685605883598, 0.042920954525470734, 0.04810084030032158, 0.2526663839817047, 0.04875800758600235]"
../bird_sound_dataset/Poecile_montanus/XC664739-boreale-turet-21juillet21.mp3,Poecile_montanus,Periparus_ater,0.5839928984642029,6,"[0.038028694689273834, 0.046281423419713974, 0.034301627427339554, 0.038373954594135284, 0.06412995606660843, 0.06522361934185028, 0.5839928984642029, 0.09235692024230957, 0.03731095790863037]"
