epoch,breakpoint_hz,transition_width
1,3994.13330078125,99.8796615600586
2,3988.26416015625,99.73452758789062
3,3982.4072265625,99.56898498535156
