{
  "metrics": {
    "student_accuracy": 0.8888888888888888,
    "student_precision": 0.554693184574339,
    "student_recall": 0.5056654428061255,
    "student_f1": 0.528396062036615,
    "birdnet_accuracy": 0.7676767676767676,
    "birdnet_precision": 0.8,
    "birdnet_recall": 0.614012645629647,
    "birdnet_f1": 0.6944705882352942
  },
  "detailed_metrics": {
    "student": {
      "accuracy": 0.8888888888888888,
      "precision_micro": 0.8888888888888888,
      "precision_macro": 0.554693184574339,
      "precision_weighted": 0.9691653375863902,
      "recall_micro": 0.8888888888888888,
      "recall_macro": 0.5056654428061255,
      "recall_weighted": 0.8888888888888888,
      "f1_micro": 0.8888888888888888,
      "f1_macro": 0.528396062036615,
      "f1_weighted": 0.9261092816648372,
      "per_class": {
        "Apus_apus": {
          "precision": 1.0,
          "recall": 0.8421052631578947,
          "f1-score": 0.9142857142857143,
          "support": 19.0
        },
        "Bubo_bubo": {
          "precision": 0.9473684210526315,
          "recall": 0.9,
          "f1-score": 0.9230769230769231,
          "support": 20.0
        },
        "Certhia_familiaris": {
          "precision": 0.9354838709677419,
          "recall": 0.9354838709677419,
          "f1-score": 0.9354838709677419,
          "support": 31.0
        },
        "Lophophanes_cristatus": {
          "precision": 0.0,
          "recall": 0.0,
          "f1-score": 0.0,
          "support": 0.0
        },
        "Periparus_ater": {
          "precision": 0.0,
          "recall": 0.0,
          "f1-score": 0.0,
          "support": 0.0
        },
        "Poecile_montanus": {
          "precision": 1.0,
          "recall": 0.8620689655172413,
          "f1-score": 0.9259259259259259,
          "support": 29.0
        },
        "no_birds": {
          "precision": 0.0,
          "recall": 0.0,
          "f1-score": 0.0,
          "support": 0.0
        },
        "accuracy": 0.8888888888888888,
        "macro avg": {
          "precision": 0.554693184574339,
          "recall": 0.5056654428061255,
          "f1-score": 0.528396062036615,
          "support": 99.0
        },
        "weighted avg": {
          "precision": 0.9691653375863902,
          "recall": 0.8888888888888888,
          "f1-score": 0.9261092816648372,
          "support": 99.0
        }
      }
    },
    "birdnet": {
      "accuracy": 0.7676767676767676,
      "precision_micro": 0.7676767676767676,
      "precision_macro": 0.8,
      "precision_weighted": 1.0,
      "recall_micro": 0.7676767676767676,
      "recall_macro": 0.614012645629647,
      "recall_weighted": 0.7676767676767676,
      "f1_micro": 0.7676767676767676,
      "f1_macro": 0.6944705882352942,
      "f1_weighted": 0.8681427722604192,
      "per_class": {
        "Apus_apus": {
          "precision": 1.0,
          "recall": 0.7894736842105263,
          "f1-score": 0.8823529411764706,
          "support": 19.0
        },
        "Bubo_bubo": {
          "precision": 1.0,
          "recall": 0.75,
          "f1-score": 0.8571428571428571,
          "support": 20.0
        },
        "Certhia_familiaris": {
          "precision": 1.0,
          "recall": 0.8064516129032258,
          "f1-score": 0.8928571428571428,
          "support": 31.0
        },
        "Lophophanes_cristatus": {
          "precision": 0.0,
          "recall": 0.0,
          "f1-score": 0.0,
          "support": 0.0
        },
        "Periparus_ater": {
          "precision": 0.0,
          "recall": 0.0,
          "f1-score": 0.0,
          "support": 0.0
        },
        "Poecile_montanus": {
          "precision": 1.0,
          "recall": 0.7241379310344828,
          "f1-score": 0.8400000000000001,
          "support": 29.0
        },
        "no_birds": {
          "precision": 0.0,
          "recall": 0.0,
          "f1-score": 0.0,
          "support": 0.0
        },
        "micro avg": {
          "precision": 0.7676767676767676,
          "recall": 0.7676767676767676,
          "f1-score": 0.7676767676767676,
          "support": 99.0
        },
        "macro avg": {
          "precision": 0.5714285714285714,
          "recall": 0.43858046116403354,
          "f1-score": 0.4960504201680673,
          "support": 99.0
        },
        "weighted avg": {
          "precision": 1.0,
          "recall": 0.7676767676767676,
          "f1-score": 0.8681427722604192,
          "support": 99.0
        }
      }
    }
  },
  "agreement_analysis": {
    "counts": {
      "both_correct": 73,
      "student_only_correct": 15,
      "birdnet_only_correct": 3,
      "both_incorrect": 8
    },
    "percentages": {
      "both_correct": 73.73737373737373,
      "student_only_correct": 15.151515151515152,
      "birdnet_only_correct": 3.0303030303030303,
      "both_incorrect": 8.080808080808081
    },
    "detailed_cases": [
      {
        "audio_path": "../bird_sound_dataset/Apus_apus/XC775004-Apus-palidus_2023.01.08_12.02_02.mp3",
        "true_label": "Apus_apus",
        "student_prediction": "Periparus_ater",
        "student_confidence": 0.5838809609413147,
        "birdnet_prediction": "no_birds",
        "birdnet_confidence": 0.0,
        "student_correct": false,
        "birdnet_correct": false,
        "category": "both_incorrect"
      },
      {
        "audio_path": "../bird_sound_dataset/Apus_apus/XC817782-Pale-208..-2.mp3",
        "true_label": "Apus_apus",
        "student_prediction": "Apus_apus",
        "student_confidence": 0.6038993000984192,
        "birdnet_prediction": "no_birds",
        "birdnet_confidence": 0.0,
        "student_correct": true,
        "birdnet_correct": false,
        "category": "student_only_correct"
      },
      {
        "audio_path": "../bird_sound_dataset/Apus_apus/XC918877-Tiggla\u0308te-boplats-28,-2024-07-05-22_11.mp3",
        "true_label": "Apus_apus",
        "student_prediction": "Certhia_familiaris",
        "student_confidence": 0.21493810415267944,
        "birdnet_prediction": "no_birds",
        "birdnet_confidence": 0.0,
        "student_correct": false,
        "birdnet_correct": false,
        "category": "both_incorrect"
      },
      {
        "audio_path": "../bird_sound_dataset/Apus_apus/XC578624-Gierzwaluw, flight calls at dusk, IGS, 080720, 2150 uur.mp3",
        "true_label": "Apus_apus",
        "student_prediction": "no_birds",
        "student_confidence": 0.5852854251861572,
        "birdnet_prediction": "Apus_apus",
        "birdnet_confidence": 0.993164598941803,
        "student_correct": false,
        "birdnet_correct": true,
        "category": "birdnet_only_correct"
      },
      {
        "audio_path": "../bird_sound_dataset/Apus_apus/XC814474-230626_004_13.30_A.apus.mp3",
        "true_label": "Apus_apus",
        "student_prediction": "Apus_apus",
        "student_confidence": 0.7372661232948303,
        "birdnet_prediction": "no_birds",
        "birdnet_confidence": 0.0,
        "student_correct": true,
        "birdnet_correct": false,
        "category": "student_only_correct"
      },
      {
        "audio_path": "../bird_sound_dataset/Bubo_bubo/XC637572-ih_7.4.2021__HAJEK_AAAA210408_VYR_ZAJIMAVE_2.mp3",
        "true_label": "Bubo_bubo",
        "student_prediction": "Periparus_ater",
        "student_confidence": 0.6042671203613281,
        "birdnet_prediction": "no_birds",
        "birdnet_confidence": 0.0,
        "student_correct": false,
        "birdnet_correct": false,
        "category": "both_incorrect"
      },
      {
        "audio_path": "../bird_sound_dataset/Bubo_bubo/XC423810-Chouette cheveche quemandage (5).mp3",
        "true_label": "Bubo_bubo",
        "student_prediction": "Bubo_bubo",
        "student_confidence": 0.3519589304924011,
        "birdnet_prediction": "no_birds",
        "birdnet_confidence": 0.0,
        "student_correct": true,
        "birdnet_correct": false,