{
  "experiment_name": "4birds_CF_combined_log_linear_gru64_30epochs",
  "best_val_acc": 0.9030226700251889,
  "test_acc": 0.8904282115869018,
  "total_params": 53256,
  "trainable_params": 53256,
  "macs": null
}