{
  "metrics": {
    "student_accuracy": 0.8484848484848485,
    "student_precision": 0.5411681914144968,
    "student_recall": 0.49399876220027267,
    "student_f1": 0.5142574630379508,
    "birdnet_accuracy": 0.8181818181818182,
    "birdnet_precision": 0.7081081081081081,
    "birdnet_recall": 0.6717171125812306,
    "birdnet_f1": 0.6670505267497748
  },
  "detailed_metrics": {
    "student": {
      "accuracy": 0.8484848484848485,
      "precision_micro": 0.8484848484848485,
      "precision_macro": 0.5411681914144968,
      "precision_weighted": 0.9452157038363935,
      "recall_micro": 0.8484848484848485,
      "recall_macro": 0.49399876220027267,
      "recall_weighted": 0.8484848484848485,
      "f1_micro": 0.8484848484848486,
      "f1_macro": 0.5142574630379508,
      "f1_weighted": 0.8901320389125267,
      "per_class": {
        "Apus_apus": {
          "precision": 1.0,
          "recall": 0.9473684210526315,
          "f1-score": 0.972972972972973,
          "support": 19.0
        },
        "Bubo_bubo": {
          "precision": 0.9047619047619048,
          "recall": 0.95,
          "f1-score": 0.9268292682926829,
          "support": 20.0
        },
        "Certhia_brachydactyla": {
          "precision": 0.0,
          "recall": 0.0,
          "f1-score": 0.0,
          "support": 0.0
        },
        "Certhia_familiaris": {
          "precision": 0.9310344827586207,
          "recall": 0.8709677419354839,
          "f1-score": 0.9,
          "support": 31.0
        },
        "Lophophanes_cristatus": {
          "precision": 0.0,
          "recall": 0.0,
          "f1-score": 0.0,
          "support": 0.0
        },
        "Periparus_ater": {
          "precision": 0.0,
          "recall": 0.0,
          "f1-score": 0.0,
          "support": 0.0
        },
        "Poecile_montanus": {
          "precision": 0.9523809523809523,
          "recall": 0.6896551724137931,
          "f1-score": 0.7999999999999999,
          "support": 29.0
        },
        "accuracy": 0.8484848484848485,
        "macro avg": {
          "precision": 0.5411681914144968,
          "recall": 0.49399876220027267,
          "f1-score": 0.5142574630379508,
          "support": 99.0
        },
        "weighted avg": {
          "precision": 0.9452157038363935,
          "recall": 0.8484848484848485,
          "f1-score": 0.8901320389125267,
          "support": 99.0
        }
      }
    },
    "birdnet": {
      "accuracy": 0.8181818181818182,
      "precision_micro": 0.8181818181818182,
      "precision_macro": 0.7081081081081081,
      "precision_weighted": 0.9071799071799072,
      "recall_micro": 0.8181818181818182,
      "recall_macro": 0.6717171125812306,
      "recall_weighted": 0.8181818181818182,
      "f1_micro": 0.8181818181818182,
      "f1_macro": 0.6670505267497748,
      "f1_weighted": 0.8354297677378105,
      "per_class": {
        "Apus_apus": {
          "precision": 1.0,
          "recall": 0.8947368421052632,
          "f1-score": 0.9444444444444444,
          "support": 19.0
        },
        "Bubo_bubo": {
          "precision": 0.5405405405405406,
          "recall": 1.0,
          "f1-score": 0.7017543859649124,
          "support": 20.0
        },
        "Certhia_brachydactyla": {
          "precision": 0.0,
          "recall": 0.0,
          "f1-score": 0.0,
          "support": 0.0
        },
        "Certhia_familiaris": {
          "precision": 1.0,
          "recall": 0.7741935483870968,
          "f1-score": 0.8727272727272727,
          "support": 31.0
        },
        "Lophophanes_cristatus": {
          "precision": 0.0,
          "recall": 0.0,
          "f1-score": 0.0,
          "support": 0.0
        },
        "Periparus_ater": {
          "precision": 0.0,
          "recall": 0.0,
          "f1-score": 0.0,
          "support": 0.0
        },
        "Poecile_montanus": {
          "precision": 1.0,
          "recall": 0.6896551724137931,
          "f1-score": 0.8163265306122449,
          "support": 29.0
        },
        "micro avg": {
          "precision": 0.8181818181818182,
          "recall": 0.8181818181818182,
          "f1-score": 0.8181818181818182,
          "support": 99.0
        },
        "macro avg": {
          "precision": 0.5057915057915058,
          "recall": 0.47979793755802186,
          "f1-score": 0.4764646619641249,
          "support": 99.0
        },
        "weighted avg": {
          "precision": 0.9071799071799072,
          "recall": 0.8181818181818182,
          "f1-score": 0.8354297677378105,
          "support": 99.0
        }
      }
    }
  },
  "agreement_analysis": {
    "counts": {
      "both_correct": 77,
      "student_only_correct": 7,
      "birdnet_only_correct": 4,
      "both_incorrect": 11
    },
    "percentages": {
      "both_correct": 77.77777777777779,
      "student_only_correct": 7.07070707070707,
      "birdnet_only_correct": 4.040404040404041,
      "both_incorrect": 11.11111111111111
    },
    "detailed_cases": [
      {
        "audio_path": "../bird_sound_dataset/Apus_apus/XC414304-APUS_APUS_DUETT 2017-05-06.mp3",
        "true_label": "Apus_apus",
        "student_prediction": "Apus_apus",
        "student_confidence": 0.7064990401268005,
        "birdnet_prediction": "Bubo_bubo",
        "birdnet_confidence": 0.01,
        "student_correct": true,
        "birdnet_correct": false,
        "category": "student_only_correct"
      },
      {
        "audio_path": "../bird_sound_dataset/Apus_apus/XC815141-M7.wav",
        "true_label": "Apus_apus",
        "student_prediction": "Periparus_ater",
        "student_confidence": 0.37854695320129395,
        "birdnet_prediction": "Bubo_bubo",
        "birdnet_confidence": 0.01,
        "student_correct": false,
        "birdnet_correct": false,
        "category": "both_incorrect"
      },
      {
        "audio_path": "../bird_sound_dataset/Bubo_bubo/XC823830-Eurasian-eagle-owl-hanle-230809-012.mp3",
        "true_label": "Bubo_bubo",
        "student_prediction": "Poecile_montanus",
        "student_confidence": 0.2512049376964569,
        "birdnet_prediction": "Bubo_bubo",
        "birdnet_confidence": 0.01,
        "student_correct": false,
        "birdnet_correct": true,
        "category": "birdnet_only_correct"
      },
      {
        "audio_path": "../bird_sound_dataset/Certhia_familiaris/XC677049-210925_1806 mp3.mp3",
        "true_label": "Certhia_familiaris",
        "student_prediction": "Certhia_brachydactyla",
        "student_confidence": 0.6546726226806641,
        "birdnet_prediction": "Bubo_bubo",
        "birdnet_confidence": 0.01,
        "student_correct": false,
        "birdnet_correct": false,
        "category": "both_incorrect"
      },
      {
        "audio_path": "../bird_sound_dataset/Certhia_familiaris/XC457042-pe\u0142zacz les\u0301ny Kobio\u0301r 2 s\u0301piew.mp3",
        "true_label": "Certhia_familiaris",
        "student_prediction": "Periparus_ater",
        "student_confidence": 0.7055810689926147,
        "birdnet_prediction": "Periparus_ater",
        "birdnet_confidence": 0.943817675113678,
        "student_correct": false,
        "birdnet_correct": false,
        "category": "both_incorrect"
      },
      {
        "audio_path": "../bird_sound_dataset/Certhia_familiaris/XC198006-Tradkrypare-(2014-06-24 17.53)-LS114750.mp3",
        "true_label": "Certhia_familiaris",
        "student_prediction": "Certhia_familiaris",
        "student_confidence": 0.719691812992096,
        "birdnet_prediction": "Bubo_bubo",
        "birdnet_confidence": 0.01,
        "student_correct": true,
        "birdnet_correct": false,
        "category": "student_only_correct"
      },
      {
        "audio_path": "../bird_sound_dataset/Certhia_familiaris/XC759205-Tra\u0308dkrypare-20221090746-A\u030akro\u0308ken.wav",
        "true_label": "Certhia_familiaris",
        "student_prediction": "Certhia_brachydactyla",
        "student_confidence": 0.3634234070777893,