{
  "experiment_name": "bird_classification_test_Certhia",
  "best_val_acc": 64.85780615206036,
  "test_acc": 64.85780615206036,
  "total_params": 37445,
  "trainable_params": 37445
}