audio_path,ground_truth,student_prediction,student_confidence,student_predicted_idx,student_all_probabilities
../bird_sound_dataset/Apus_apus/XC602216-swift-4705D03.mp3,Apus_apus,Apus_apus,0.73796546459198,2,"[0.02932889200747013, 0.0368327721953392, 0.73796546459198, 0.03803490847349167, 0.030083615332841873, 0.03265543282032013, 0.027504950761795044, 0.03377676382660866, 0.033817071467638016]"
../bird_sound_dataset/Bubo_bubo/XC837567-2022.02.28-23h08-Grand-duc-mâle-chant.mp3,Bubo_bubo,Bubo_bubo,0.7209848165512085,0,"[0.7209848165512085, 0.027617981657385826, 0.03414319455623627, 0.07610378414392471, 0.021451164036989212, 0.029015682637691498, 0.027312561869621277, 0.03253232315182686, 0.030838534235954285]"
../bird_sound_dataset/Certhia_familiaris/XC703066-cerfam 2 halaševo.mp3,Certhia_familiaris,Certhia_familiaris,0.7755309343338013,1,"[0.022094421088695526, 0.7755309343338013, 0.02035883255302906, 0.022717855870723724, 0.020290246233344078, 0.06031419709324837, 0.02649192325770855, 0.024264780804514885, 0.02793683111667633]"
../bird_sound_dataset/Poecile_montanus/granmeis_call150312-007StrbktSNI.mp3,Poecile_montanus,Poecile_montanus,0.7754850387573242,7,"[0.049990054219961166, 0.024644874036312103, 0.021219169721007347, 0.023310916498303413, 0.026741700246930122, 0.021239714697003365, 0.03324722871184349, 0.7754850387573242, 0.024121316149830818]"
../augmented_dataset/no_birds/empty_0421.wav,no_birds,no_birds,0.6953977942466736,8,"[0.043939780443906784, 0.0435110479593277, 0.03258629888296127, 0.036557432264089584, 0.033986978232860565, 0.03648648411035538, 0.04043812304735184, 0.03709603473544121, 0.6953977942466736]"
