{
  "experiment_name": "4birds_CF_combined_log_linear_gru64_50epochs_try2",
  "best_val_acc": 0.8682170542635659,
  "test_acc": 0.8488372093023255,
  "test_precision_weighted": 0.8583333333333333,
  "test_recall_weighted": 0.8488372093023255,
  "test_f1_weighted": 0.8478290458690622,
  "total_params": 30997,
  "macs": null
}