{
  "experiment_name": "4birds_CF_combined_log_linear_gru64_50epochs_try2",
  "best_val_acc": 0.6605231866825209,
  "test_acc": 0.664090368608799,
  "total_params": 53516,
  "trainable_params": 53516,
  "macs": null
}