{
  "experiment_name": "4birds_CF_linear_triangular_30epochs",
  "best_val_acc": 90.05037783375315,
  "test_acc": 88.16120906801008,
  "total_params": 37478,
  "trainable_params": 37478
}