{
  "experiment_name": "4birds_CF_linear_triangular_10epochs",
  "best_val_acc": 87.40554156171285,
  "test_acc": 87.78337531486146,
  "total_params": 37478,
  "trainable_params": 37478
}