{
  "experiment_name": "4birds_CF_combined_log_linear_gru64_50epochs_try2",
  "best_val_acc": 0.8620689655172413,
  "test_acc": 0.8638525564803805,
  "test_precision_weighted": 0.8663612595497915,
  "test_recall_weighted": 0.8638525564803805,
  "test_f1_weighted": 0.8642496909460732,
  "total_params": 53516,
  "macs": null
}