audio_path,ground_truth,student_prediction,student_confidence,student_predicted_idx,student_all_probabilities
../bird_sound_dataset/Apus_apus/XC743927-20220411_203623_Apus apus_Llucmajor.mp3,Apus_apus,Apus_apus,0.7574650049209595,2,"[0.029885781928896904, 0.03472531586885452, 0.7574650049209595, 0.029783176258206367, 0.02582864835858345, 0.022612189874053, 0.029492860659956932, 0.04233561456203461, 0.027871454134583473]"
../bird_sound_dataset/Bubo_bubo/XC839784-B19h52m47s21oct2023c_04h55.mp3,Bubo_bubo,Bubo_bubo,0.7369312644004822,0,"[0.7369312644004822, 0.027797279879450798, 0.03176237270236015, 0.05764954164624214, 0.02160509303212166, 0.03670555353164673, 0.03168048337101936, 0.030093375593423843, 0.025775054469704628]"
../bird_sound_dataset/Certhia_familiaris/XC701017-cerfam ok1.mp3,Certhia_familiaris,Certhia_familiaris,0.818109929561615,1,"[0.02206672728061676, 0.818109929561615, 0.018250830471515656, 0.02389022894203663, 0.027141788974404335, 0.02176644839346409, 0.019275115802884102, 0.02556397207081318, 0.02393493801355362]"
../bird_sound_dataset/Poecile_montanus/XC354066-Poecmont-qC2_poland_psz_10.30_170128-0761.mp3,Poecile_montanus,Lophophanes_cristatus,0.2794205844402313,5,"[0.04604934900999069, 0.06344698369503021, 0.03430796414613724, 0.08872069418430328, 0.06189948320388794, 0.2794205844402313, 0.24501362442970276, 0.14820687472820282, 0.03293437138199806]"
../augmented_dataset/no_birds/empty_0010.wav,no_birds,no_birds,0.6756073832511902,8,"[0.04724303260445595, 0.04499407857656479, 0.034539949148893356, 0.04157101362943649, 0.03775380924344063, 0.03803108632564545, 0.03824877738952637, 0.042010899633169174, 0.6756073832511902]"
