{
  "experiment_name": "4birds_CF_combined_log_linear_gru64_30epochs",
  "best_val_acc": 32.07282913165266,
  "test_acc": 34.593837535014,
  "total_params": 53256,
  "trainable_params": 53256
}