{
  "metrics": {
    "student_accuracy": 0.75,
    "student_precision": 0.6666666666666666,
    "student_recall": 0.5277777777777778,
    "student_f1": 0.5777777777777777,
    "birdnet_accuracy": 0.875,
    "birdnet_precision": 0.9166666666666666,
    "birdnet_recall": 0.875,
    "birdnet_f1": 0.8666666666666666
  },
  "detailed_metrics": {
    "student": {
      "accuracy": 0.75,
      "precision_micro": 0.75,
      "precision_macro": 0.6666666666666666,
      "precision_weighted": 1.0,
      "recall_micro": 0.75,
      "recall_macro": 0.5277777777777778,
      "recall_weighted": 0.75,
      "f1_micro": 0.75,
      "f1_macro": 0.5777777777777777,
      "f1_weighted": 0.8416666666666667,
      "per_class": {
        "Apus_apus": {
          "precision": 1.0,
          "recall": 1.0,
          "f1-score": 1.0,
          "support": 1.0
        },
        "Bubo_bubo": {
          "precision": 1.0,
          "recall": 1.0,
          "f1-score": 1.0,
          "support": 2.0
        },
        "Certhia_brachydactyla": {
          "precision": 0.0,
          "recall": 0.0,
          "f1-score": 0.0,
          "support": 0.0
        },
        "Certhia_familiaris": {
          "precision": 1.0,
          "recall": 0.6666666666666666,
          "f1-score": 0.8,
          "support": 3.0
        },
        "Emberiza_cia": {
          "precision": 0.0,
          "recall": 0.0,
          "f1-score": 0.0,
          "support": 0.0
        },
        "Poecile_montanus": {
          "precision": 1.0,
          "recall": 0.5,
          "f1-score": 0.6666666666666666,
          "support": 2.0
        },
        "accuracy": 0.75,
        "macro avg": {
          "precision": 0.6666666666666666,
          "recall": 0.5277777777777778,
          "f1-score": 0.5777777777777777,
          "support": 8.0
        },
        "weighted avg": {
          "precision": 1.0,
          "recall": 0.75,
          "f1-score": 0.8416666666666667,
          "support": 8.0
        }
      }
    },
    "birdnet": {
      "accuracy": 0.875,
      "precision_micro": 0.875,
      "precision_macro": 0.9166666666666666,
      "precision_weighted": 0.9166666666666666,
      "recall_micro": 0.875,
      "recall_macro": 0.875,
      "recall_weighted": 0.875,
      "f1_micro": 0.875,
      "f1_macro": 0.8666666666666666,
      "f1_weighted": 0.8666666666666666,
      "per_class": {
        "Apus_apus": {
          "precision": 1.0,
          "recall": 1.0,
          "f1-score": 1.0,
          "support": 1.0
        },
        "Bubo_bubo": {
          "precision": 0.6666666666666666,
          "recall": 1.0,
          "f1-score": 0.8,
          "support": 2.0
        },
        "Certhia_brachydactyla": {
          "precision": 0.0,
          "recall": 0.0,
          "f1-score": 0.0,
          "support": 0.0
        },
        "Certhia_familiaris": {
          "precision": 1.0,
          "recall": 1.0,
          "f1-score": 1.0,
          "support": 3.0
        },
        "Emberiza_cia": {
          "precision": 0.0,
          "recall": 0.0,
          "f1-score": 0.0,
          "support": 0.0
        },
        "Poecile_montanus": {
          "precision": 1.0,
          "recall": 0.5,
          "f1-score": 0.6666666666666666,
          "support": 2.0
        },
        "micro avg": {
          "precision": 0.875,
          "recall": 0.875,
          "f1-score": 0.875,
          "support": 8.0
        },
        "macro avg": {
          "precision": 0.611111111111111,
          "recall": 0.5833333333333334,
          "f1-score": 0.5777777777777777,
          "support": 8.0
        },
        "weighted avg": {
          "precision": 0.9166666666666666,
          "recall": 0.875,
          "f1-score": 0.8666666666666666,
          "support": 8.0
        }
      }
    }
  },
  "agreement_analysis": {
    "counts": {
      "both_correct": 6,
      "student_only_correct": 0,
      "birdnet_only_correct": 1,
      "both_incorrect": 1
    },
    "percentages": {
      "both_correct": 75.0,
      "student_only_correct": 0.0,
      "birdnet_only_correct": 12.5,
      "both_incorrect": 12.5
    },
    "detailed_cases": [
      {
        "audio_path": "../bird_sound_dataset/Certhia_familiaris/XC748104-20220912_175546  les\u0301ny ogrodowy czarny OK.mp3",
        "true_label": "Certhia_familiaris",
        "student_prediction": "Certhia_brachydactyla",
        "student_confidence": 0.3680446445941925,
        "birdnet_prediction": "Certhia_familiaris",
        "birdnet_confidence": 0.6181250214576721,
        "student_correct": false,
        "birdnet_correct": true,
        "category": "birdnet_only_correct"
      },
      {
        "audio_path": "../bird_sound_dataset/Poecile_montanus/XC422526-Mesange boreale thin call.mp3",
        "true_label": "Poecile_montanus",
        "student_prediction": "Emberiza_cia",
        "student_confidence": 0.4186970591545105,
        "birdnet_prediction": "Bubo_bubo",
        "birdnet_confidence": 0.01,
        "student_correct": false,
        "birdnet_correct": false,
        "category": "both_incorrect"
      }
    ]
  },
  "per_class_analysis": {
    "Apus_apus": {
      "support": 1,
      "student_accuracy": 1.0,
      "birdnet_accuracy": 1.0,
      "student_predictions": 1,
      "birdnet_predictions": 1
    },
    "Bubo_bubo": {
      "support": 2,
      "student_accuracy": 1.0,
      "birdnet_accuracy": 1.0,
      "student_predictions": 2,
      "birdnet_predictions": 3
    },
    "Certhia_familiaris": {
      "support": 3,
      "student_accuracy": 0.6666666666666666,
      "birdnet_accuracy": 1.0,
      "student_predictions": 2,
      "birdnet_predictions": 3
    },
    "Poecile_montanus": {
      "support": 2,
      "student_accuracy": 0.5,
      "birdnet_accuracy": 0.5,
      "student_predictions": 1,
      "birdnet_predictions": 1
    }
  },
  "confusion_matrices": {
    "student": [
      [
        1,
        0,
        0,
        0,
        0,
        0
      ],
      [
        0,
        2,
        0,
        0,
        0,
        0
      ],
      [
        0,
        0,
        0,
        0,
        0,
        0
      ],
      [
        0,
        0,
        1,
        2,
        0,
        0
      ],
      [
        0,
        0,
        0,
        0,
        0,
        0
      ],
      [
        0,
        0,
        0,
        0,
        1,
        1
      ]
    ],
    "birdnet": [
      [
        1,
        0,
        0,
        0,
        0,
        0
      ],
      [
        0,
        2,
        0,
        0,
        0,
        0
      ],
      [
        0,
        0,
        0,
        0,
        0,
        0
      ],
      [
        0,
        0,
        0,
        3,
        0,
        0
      ],
      [
        0,
        0,
        0,
        0,
        0,
        0
      ],
      [
        0,
        1,
        0,
        0,
        0,
        1
      ]
    ],
    "labels": [
      "Apus_apus",
      "Bubo_bubo",
      "Certhia_brachydactyla",
      "Certhia_familiaris",
      "Emberiza_cia",
      "Poecile_montanus"
    ]
  },
  "summary": {
    "total_samples": 8,
    "num_classes": 6,
    "classes": [
      "Apus_apus",
      "Bubo_bubo",
      "Certhia_brachydactyla",
      "Certhia_familiaris",
      "Emberiza_cia",
      "Poecile_montanus"
    ],
    "excluded_classes": [
      "no_birds"
    ],
    "birds_only_mode": false
  }
}